{"cameraMode":{"drawMode":0,"name":"Shaded","section":"Shading Mode"},"sceneLighting":false,"audioPlay":false,"sceneViewState":{"m_AlwaysRefresh":false,"showFog":true,"showSkybox":false,"showFlares":true,"showImageEffects":true,"showParticleSystems":true,"showVisualEffectGraphs":true,"m_FxEnabled":true},"in2DMode":false,"pivot":{"x":-0.08854880183935166,"y":-0.036216601729393008,"z":0.03836417198181152},"rotation":{"x":0.23244817554950715,"y":-0.09997404366731644,"z":0.02387891709804535,"w":0.9673399329185486},"size":0.24352924525737763,"orthographic":false}