{"cameraMode":{"drawMode":0,"name":"Shaded","section":"Shading Mode"},"sceneLighting":true,"audioPlay":false,"sceneViewState":{"m_AlwaysRefresh":false,"showFog":true,"showSkybox":true,"showFlares":true,"showImageEffects":true,"showParticleSystems":true,"showVisualEffectGraphs":true,"m_FxEnabled":true},"in2DMode":false,"pivot":{"x":141.72238159179688,"y":10.845518112182618,"z":75.57329559326172},"rotation":{"x":-0.3096808195114136,"y":-0.052671320736408237,"z":0.017296187579631807,"w":-0.9493971467018127},"size":53.53266143798828,"orthographic":false}