{"cameraMode":{"drawMode":0,"name":"Shaded","section":"Shading Mode"},"sceneLighting":true,"audioPlay":false,"sceneViewState":{"m_AlwaysRefresh":false,"showFog":true,"showSkybox":true,"showFlares":true,"showImageEffects":true,"showParticleSystems":true,"showVisualEffectGraphs":true,"m_FxEnabled":true},"in2DMode":false,"pivot":{"x":18.727493286132814,"y":60.225467681884769,"z":1.3987226486206055},"rotation":{"x":0.007508354727178812,"y":-0.7362827658653259,"z":0.007784454617649317,"w":0.6768204569816589},"size":61.1790885925293,"orthographic":false}