{"cameraMode":{"drawMode":0,"name":"Shaded","section":"Shading Mode"},"sceneLighting":true,"audioPlay":false,"sceneViewState":{"m_AlwaysRefresh":false,"showFog":true,"showSkybox":true,"showFlares":true,"showImageEffects":true,"showParticleSystems":true,"showVisualEffectGraphs":true,"m_FxEnabled":true},"in2DMode":false,"pivot":{"x":96.17504119873047,"y":82.84829711914063,"z":95.18391418457031},"rotation":{"x":0.06925961375236511,"y":0.009509393014013768,"z":-0.0009630705462768674,"w":0.9977047443389893},"size":1.7660253047943116,"orthographic":false}